fecha,local,visitante,elo_local,elo_visitante,marcador_mas_probable,prob_marcador_exacto,top3_marcadores,prob_local_ensemble,prob_empate_ensemble,prob_visita_ensemble
2026-07-03,Australia,Egypt,1890.8,1848.0,0-0,0.2,0-0 (20.0%) | 1-0 (16.1%) | 0-1 (13.5%),0.357,0.369,0.274
2026-07-03,Argentina,Cape Verde,2209.3,1699.1,2-0,0.184,2-0 (18.4%) | 1-0 (17.2%) | 3-0 (13.6%),0.847,0.113,0.04
2026-07-03,Colombia,Ghana,2073.0,1687.0,1-0,0.155,1-0 (15.5%) | 2-0 (15.1%) | 3-0 (10.0%),0.774,0.163,0.063
2026-07-04,Canada,Morocco,1860.8,2007.9,0-0,0.197,0-0 (19.7%) | 0-1 (18.6%) | 1-1 (12.2%),0.183,0.321,0.496
2026-07-04,Paraguay,France,1886.4,2182.9,0-1,0.166,0-1 (16.6%) | 0-2 (13.1%) | 0-0 (12.6%),0.106,0.193,0.701
2026-07-05,Brazil,Norway,2106.1,1985.5,1-1,0.103,1-1 (10.3%) | 1-0 (9.6%) | 2-0 (9.5%),0.572,0.252,0.176
2026-07-05,Mexico,England,2030.1,2098.1,0-1,0.139,0-1 (13.9%) | 1-1 (12.8%) | 0-0 (12.7%),0.223,0.315,0.463
2026-07-06,Portugal,Spain,2073.2,2204.7,1-1,0.127,1-1 (12.7%) | 0-1 (11.5%) | 0-0 (10.3%),0.228,0.301,0.471
2026-07-06,United States,Belgium,1877.5,1967.6,1-1,0.106,1-1 (10.6%) | 1-2 (8.9%) | 0-1 (8.1%),0.193,0.252,0.555
